{
    "bg_weights": [
        0.6140283356216637,
        3.925518203374036,
        4.5760544165463095,
        3.7613737024313,
        2.505456739997699,
        3.7119261779815806,
        1.367411875337479,
        1.5656488714112728,
        4.9,
        4.384205816239386,
        3.167613692176933,
        1.0407038305059144,
        0.9961100504311641,
        0.6058296910123221
    ],
    "score": 0.27187889148352123
}