{
    "bg_weights": [
        3.4095621017014808,
        1.3455278476805101,
        3.2267793086060363,
        4.552482110980101,
        2.3936943157820663,
        0.3132267300185688,
        3.179231096170821,
        1.4802526133547078,
        3.7030860062823154,
        4.778889442856912,
        0.20414902713641297,
        2.186047368810321,
        0.4109358750193763,
        0.8907120059190957
    ],
    "score": 0.6536029922269226
}