{
    "bg_weights": [
        0.7154362721495164,
        4.358783255577978,
        2.5168732126939513,
        3.1137921149300736,
        0.38995164943914995,
        2.9932419484100667,
        4.111535056328504,
        1.312896373534713,
        0.17533661727860267,
        4.4871624660135385,
        2.7508902273047147,
        0.7215155330199363,
        2.3323438153260128,
        4.129818619815152
    ],
    "score": 0.28151211830028455
}