{
    "bg_weights": [
        3.0876647407536018,
        2.0184736976053257,
        0.918717644910752,
        0.20941076204245138,
        2.1311318814928795,
        3.502059826180967,
        4.646833516945983,
        0.5749139560343199,
        4.9,
        4.4555554572369465,
        3.681967668653225,
        1.5685663148747078,
        0.8395651044218376,
        2.0866798014399173
    ],
    "score": 0.09846276032037325
}