{
    "bg_weights": [
        3.8567206881805114,
        2.178952669180123,
        2.080787150865195,
        3.0190819856314866,
        0.3391776964664369,
        0.7453346357834328,
        0.9888814626625957,
        0.5220516895132302,
        3.667447218942008,
        2.521443446992902,
        0.10232248403882456,
        0.6088200374011074,
        1.5347281789609617,
        2.615077465585566,
        0.5989228838186389,
        3.9371828884361437,
        3.6533965207013255,
        3.3396880346979794,
        0.9065273150927423,
        0.36926318692464144,
        2.6163236626622672,
        3.0541983593249658,
        2.0390153184165327,
        1.1947318835049543,
        3.814010788366858,
        4.044131655869288,
        4.122367895431823,
        2.415276017680451,
        2.5963760207255193,
        4.413635780363167,
        4.870135665564053,
        3.7904816631113825,
        2.4734839099168133,
        2.407747601082398,
        2.2259998531207006,
        3.7011504431654263,
        1.6865177230453072,
        1.9653065614457854,
        2.8207173286026497,
        1.6937231042364782,
        1.1249985018885116,
        0.576274312122393,
        2.5898015038071467,
        3.0581423466839577
    ],
    "score": 0.025769014159989105
}