{
    "bg_weights": [
        4.02455106885611,
        4.003913110390421,
        3.41527078663043,
        2.090925157398179,
        3.4883245992225493,
        1.1000194946006632,
        0.3667682854461438,
        4.5342910030367305,
        2.8251772766141667,
        3.40606418074824,
        1.2861229471103162,
        1.8835056832624892,
        0.6544759995240178,
        1.806068364324515,
        4.6824122385860685,
        3.6245027773112097,
        1.8166088138323473,
        0.4666763895611923,
        3.489057554771,
        3.9568877340076773,
        2.8590947805803273,
        0.3632582010320662,
        1.734872831972389,
        3.675687431539853,
        1.3140989658439788,
        3.2060767177056944,
        0.6858234408629363,
        4.501806221605031,
        3.6941230000510763,
        2.0377240823158407,
        2.668925162532293,
        1.0294898537388124,
        0.5018824642434555,
        1.7347821061677668,
        0.49512807695610794,
        0.9479119438286374,
        4.005407697945434,
        2.6135362492459415,
        2.4482775202031304,
        3.3687793396923267,
        3.252182911780414,
        0.7740057776593157,
        4.695968591085589,
        1.6393879993333578
    ],
    "score": -4.8921
}