{
    "bg_weights": [
        1.8805695524518422,
        2.7894441008240474,
        1.264983974712285,
        1.8630517184359698,
        2.041762656227985,
        2.192611513880885,
        0.15626972036987657,
        0.1,
        0.8338260142141162,
        4.762028015306377,
        4.9,
        2.8968497841582863,
        1.4193884526646947,
        1.3053452966041295,
        0.5033691736448718,
        1.6994959822367335
    ],
    "score": -0.45062960426435034
}