{
    "bg_weights": [
        1.849877953529358,
        0.9261981844902039,
        1.8442628383636475,
        0.1297331154346466,
        1.1718623638153076,
        0.14642265439033508,
        0.10000000149011612,
        0.45661813020706177,
        0.8478186130523682,
        0.28425484895706177,
        0.3380354344844818,
        0.10000000149011612,
        1.6715229749679565,
        0.10000000149011612,
        0.6263118982315063,
        0.10000000149011612,
        0.24277210235595703,
        0.7033811807632446,
        0.10000000149011612,
        0.10000000149011612,
        0.22669166326522827,
        0.6582193374633789,
        0.10661245137453079,
        1.1797263622283936,
        0.10000000149011612,
        1.0748852491378784,
        0.37329384684562683,
        0.10000000149011612,
        0.779488742351532,
        1.7500485181808472,
        0.10000000149011612,
        1.5602562427520752,
        0.10000000149011612,
        0.44871753454208374,
        0.2433268129825592,
        0.10000000149011612,
        0.6976097226142883,
        2.2785491943359375,
        0.39275264739990234,
        0.7604703903198242,
        0.21957096457481384,
        0.10000000149011612
    ],
    "loss": 3.605825185775757,
    "accuracy": 0.0
}